name,metascore
Ova Magica,tbd
Smuggler Simulator,tbd
Project Relic,tbd
Arctic Awakening,tbd
Read Only Memories: NEURODIVER,tbd
Alterborn,tbd
EA Sports College Football,tbd
Song of Nunu: A League of Legends Story,tbd
Wronged Us,tbd
Flintlock: The Siege of Dawn,tbd
Off The Grid,tbd
Mika and The Witch's Mountain,tbd
RIPOUT,tbd
Alaskan Road Truckers,tbd
Kerbal Space Program 2,tbd
Super Zoo Story,tbd
Kukoos - Lost Pets,85
Kitsune Tails,tbd
RIN: The Last Child,tbd
Demonschool,tbd
Reliquary,tbd
The Inquisitor,tbd
Nameless,tbd
The First Descendant,tbd
Trinity Fusion,tbd
Smile For Me,81
Backpack Hero,tbd
Level Zero,tbd
War Robots: Frontiers,tbd
Jumplight Odyssey,tbd
Flame Keeper,80
Spirittea,tbd
Deceit 2,96
Speed Crew,tbd
Hidden Through Time 2: Myths & Magic,tbd
Pecaminosa: A Deadly Hand,tbd
Make Way,tbd
Jurassic Park: Classic Games Collection,tbd
DC Universe Online,75
Baldur's Gate 3,96
Lil' Guardsman,tbd
Daydream: Forgotten Sorrow,90
Classified: France '44,tbd
Sunny Cafe,tbd
Berzerk: Recharged,tbd
The First Descendant,tbd
Replaced,tbd
FEROCIOUS,tbd
Dead Fury,tbd
SacriFire,tbd
Earth From Another Sun,tbd
Hell is Us,tbd
Off The Grid,tbd
Die by the Blade,tbd
AirportSim,tbd
Mika and The Witch's Mountain,tbd
RIPOUT,tbd
Alaskan Road Truckers,tbd
Kerbal Space Program 2,tbd
Super Zoo Story,tbd
Kukoos - Lost Pets,85
Kitsune Tails,tbd
RIN: The Last Child,tbd
Ereban: Shadow Legacy,tbd
Demonschool,tbd
Crown Wars: The Black Prince,tbd
Alterborn,tbd
EA Sports College Football,tbd
Song of Nunu: A League of Legends Story,tbd
Wronged Us,tbd
Scathe,85
Flintlock: The Siege of Dawn,tbd
ARC Raiders,tbd
Smuggler Simulator,tbd
CYGNI: All Guns Blazing,tbd
Unholy,96
The Inquisitor,tbd
Nameless,tbd
Way to the Woods,tbd
Ball laB II,tbd
The Kindeman Remedy,tbd
Arctic Awakening,tbd
Project Relic,tbd
Ova Magica,tbd
Alpha Particle,tbd
PowerWash Simulator: Back to the Future,tbd
Alina of the Arena,tbd
SYNDUALITY: Echo of Ada,tbd
Super Buff HD,tbd
The Devil Within: Satgat,tbd
Song of Iron 2,tbd
Survival: Fountain of Youth,tbd
Reliquary,tbd
Synduality,tbd
Slime 3K: Rise Against Despot,tbd
Tiebreak: Official game of the ATP | WTA,tbd
Goons: Legends & Mayhem,tbd
Gravitators,tbd
Read Only Memories: NEURODIVER,tbd
Irem Collection Volume 1,tbd
Aeterna Noctis: Virtuoso,tbd
Gnosia,82
Bahnsen Knights,tbd
"Warhammer 40,000: Rogue Trader",tbd
Smalland: Survive the Wilds,tbd
Avatar: Frontiers of Pandora,tbd
SteamWorld Build,tbd
CATAN: Console Edition - Super Deluxe Edition,tbd
Asterix & Obelix: Slap Them All 2,tbd
Forest Grove,tbd
Worldless,tbd
Teenage Mutant Ninja Turtles: Shredder's Revenge - Anniversary Edition,tbd
Bluey: The Videogame,tbd
Naruto x Boruto: Ultimate Ninja Storm Connections,tbd
Persona 5 Tactica,tbd
Warhammer Age of Sigmar: Realms of Ruin,tbd
Flashback 2,tbd
DREDGE: The Pale Reach,tbd
Yohane the Parhelion: BLAZE in the DEEPBLUE,tbd
Jagged Alliance 3,81
Teardown,80
The Last Faith,tbd
Teardown: Time Campers,tbd
Turok 3: Shadow of Oblivion,77
The Walking Dead: Destinies,tbd
KarmaZoo,tbd
Super Crazy Rhythm Castle,tbd
UFO Robot Grendizer: The Feast of the Wolves,tbd
Call of Duty: Modern Warfare III,tbd
Air Twister,tbd
Spells & Secrets,tbd
While the Iron's Hot,tbd
Double Dragon Advance,75
Devil Engine: Complete Edition,tbd
Tales of Arise: Beyond the Dawn,tbd
Ikonei Island: An Earthlock Adventure,tbd
Like a Dragon Gaiden: The Man Who Erased His Name,tbd
Super Double Dragon,tbd
Dungeons 4,tbd
Wildshade: Unicorn Champions,tbd
Let's Sing 2024,tbd
SpellForce: Conquest of Eo,77
Roboquest,tbd
Tintin Reporter: Cigars of the Pharaoh,tbd
Football Manager 2024,tbd
The Invincible,tbd
Ebenezer and The Invisible World,tbd
DreamWorks All-Star Kart Racing,tbd
Nickelodeon All-Star Brawl 2,tbd
Microsoft Flight Simulator: Dune,tbd
EA Sports WRC,tbd
Jumanji: Wild Adventures,tbd
Gangs of Sherwood,tbd
Achilles: Legends Untold,tbd
The Talos Principle II,tbd
Dead Island 2: Haus,tbd
My Time at Sandrock,tbd
Thirsty Suitors,tbd
The Smurfs 2: The Prisoner of the Green Stone,tbd
RoboCop: Rogue City,tbd
RollerCoaster Tycoon Adventures Deluxe,tbd
Headbangers: Rhythm Royale,tbd
PlateUp!,tbd
ARK: Survival Ascended,tbd
Jusant,tbd
Desolatium,tbd
DreamWorks Trolls Remix Rescue,tbd
Alan Wake II,tbd
Terminator: Resistance - Complete Edition,tbd
Halloween Pinball,tbd
Desolatium,tbd
DreamWorks Trolls Remix Rescue,tbd
Hero Survival,tbd
Ghostrunner 2,tbd
Frog Detective: The Entire Mystery,tbd
Strategic Mind: Spirit of Liberty,80
Stray Souls,tbd
The Inheritance of Crimson Manor,tbd
Swapshot,tbd
Pickleball Smash,tbd
Metal Gear Solid,94
Metal Gear Solid: Master Collection Vol. 1,tbd
Just Dance 2024 Edition,tbd
Metal Gear Solid 2: Sons of Liberty,96
Mummy Pinball,tbd
Warm Snow,tbd
The Gap,tbd
"Inescapable: No Rules, No Rescue",tbd
Harmony's Odyssey,tbd
Agatha Christie - Murder on the Orient Express,tbd
Gargoyles Remastered,tbd
The Jackbox Party Pack 10,tbd
Harmony's Odyssey,tbd
Animal Hospital,tbd
Endless Dungeon,tbd
Hot Wheels Unleashed 2: Turbocharged,tbd
Kona II: Brume,tbd
Hellboy: Web of Wyrd,tbd
Slender: The Arrival,90
Sonic Superstars,76
OVERPASS 2,tbd
Wizard with a Gun,76
Skull Island: Rise of Kong,tbd
SpongeBob SquarePants: The Cosmic Shake,85
Park Beyond: Beyond eXtreme,tbd
Kingdom Eighties,81
Cloudpunk,90
Lords of the Fallen,76
Alphadia I & II,tbd
The Grinch: Christmas Adventures,tbd
Troublemaker: Raise Your Gang,tbd
Transformers: Earthspark - Expedition,tbd
Chemically Bonded,tbd
From Space,tbd
Astrosmash,tbd
Hotel: A Resort Simulator,tbd
Infinity Strash: Dragon Quest The Adventure of Dai,85
Haunted House,tbd
RedRaptor,tbd
Between Time: Escape Room,tbd
The Crown of Wu,tbd
Long Gone Days,80
Lil Gator Game,84
Wild Card Football,85
Forza Motorsport,85
Pirates on Target,tbd
Sword Art Online: Last Recollection,tbd
NHL 24,75
Sunshine Manor,tbd
Zumania,tbd
The Sisters 2: Road to Fame,tbd
Asterix & Obelix: Heroes,tbd
Assassin's Creed Mirage,77
Cricket 24,90
Knight vs Giant: The Broken Excalibur,tbd
Cry Babies Magic Tears: The Big Game,tbd
Wordless,tbd
Cassette Beasts: Pier of the Unknown,tbd
Dinobreak,tbd
Anthology of Fear,tbd
Diorama Dungeoncrawl,tbd
"Warhammer 40,000: Darktide",90
Blossom Tales II: The Minotaur Prince,77
Synergia,tbd
High on Life: High on Knife,85
Survivor: Castaway Island,tbd
MeteoHeroes Saving Planet Earth!,tbd
The Lamplighters League,75
Trepang2,75
Love Kuesuto,tbd
Cocoon,89
Ninja Kidz: Time Masters,tbd
PAW Patrol World,tbd
EA Sports FC 24,76
Afterdream,tbd
Everhood: Eternity Edition,88
Pizza Possum,79
Chipmonk!,tbd
Dolphin Spirit: Ocean Mission,tbd
Zombie Soup,tbd
CyberTD,tbd
Mechs V Kaijus,tbd
SHARK! SHARK!,tbd
BQM - BlockQuest Maker Remastered,tbd
"AEW: Fight Forever - HOOKHAUSEN: Very Handsome, Very Evil",tbd
Wildmender,tbd
Disney Speedstorm,85
Betomis,tbd
Wo Long: Fallen Dynasty - Conqueror of Jiangdong,tbd
Tested on Humans: Escape Room,tbd
The Crackpet Show: Happy Tree Friends Edition,tbd
MechWarrior 5: Mercenaries - The Dragon's Gambit,tbd
Terraformers,tbd
Train Sim World 4,tbd
Cyberpunk 2077: Phantom Liberty,89
"El Paso, Elsewhere",81
Harvest Moon: The Winds of Anthos,tbd
Truck Driver: The American Dream,tbd
Paleo Pines,75
Rainbow High: Runway Rush,tbd
Super Snake Block DX,tbd
Shuyan Saga,tbd
Cyber Citizen Shockman 2: A New Menace,tbd
Venatrix,tbd
Bud Spencer & Terence Hill - Slaps and Beans 2,76
ANNO: Mutationem,78
Whateverland,80
Cube 2x1,tbd
Avatar: The Last Airbender - Quest for Balance,tbd
The Expanse: A Telltale Series - Episode 5,tbd
Days of Doom,75
Resident Evil 4: Separate Ways,87
Payday 3,85
Operation Wolf Returns: First Mission,tbd
Paperman: Adventure Delivered,tbd
AFL 23,tbd
Rayland 2,tbd
Party Animals,77
Mortal Kombat 1,83
Mortal Kombat 1: Shang Tsung,tbd
Mortal Kombat 1: Kombat Pack 1,tbd
Lies of P,80
Gloomhaven,82
Hot Springs Story,83
Werewolf Pinball,tbd
Perfect Ninja Painter,tbd
Game Dev Story,86
Super Brawl Rush,tbd
Isekai Rondo,tbd
Dungeon Village,84
Station Manager,tbd
NASCAR Arcade Rush,tbd
Baby Shark: Sing & Swim Party,tbd
Dream House Days,tbd
Valthirian Arc: Hero School Story 2,tbd
AK-xolotl,75
Solar Ash,77
We Were Here Expeditions: The FriendShip,82
Solace State,tbd
Inspector Gadget: Mad Time Party,tbd
Fresh Start,tbd
Ad Infinitum,80
Heavy Duty Challenge: The Off-Road Truck Simulator,tbd
The Crew Motorfest,75
Summum Aeterna,85
Dynablaster,tbd
Mystic Gate,tbd
Word Web by POWGI,tbd
Super Bomberman R 2,100
Gravity Oddity,tbd
MythForce,80
The Isle Tide Hotel,92
Enchanted Portals,95
Whitestone,tbd
NBA 2K24,90
Green Soldiers Heroes,tbd
Enchanted Portals,95
The Expanse: A Telltale Series - Episode 4,tbd
Autobahn Police Simulator 3: Off-Road,tbd
The Many Pieces of Mr. Coo,80
Warstride Challenges,tbd
Funtasia,tbd
Alchemy Garden,tbd
eFootball 2024,tbd
Beautiful Sakura: Surfing Club,tbd
Escape from Terror City,tbd
Starfield,83
Pipe Dream,tbd
Gastro Force,tbd
Starfield: Premium Edition Upgrade,tbd
DREAMERS,tbd
Borderlands Collection: Pandora's Box,tbd
Bomb Rush Cyberfunk,75
Trine 5: A Clockwork Conspiracy,79
AEW: Fight Forever - Limitless Bunny Bundle,tbd
Teenage Mutant Ninja Turtles: Shredder's Revenge - Dimension Shellshock,87
Tenebris Pictura,96
How 2 Escape,tbd
Sacrifice Your Friends,tbd
Revhead,tbd
Hundred Days - Winemaking Simulator,80
Kalinur,tbd
The Bridge Curse: Road to Salvation,tbd
Call of the Wild: The Angler,88
Lapin,tbd
Daymare: 1994 Sandcastle,96
Agatha Christie - Hercule Poirot: The London Case,80
The Making of Karateka,87
Sea of Stars,88
Under The Waves,75
Dead by Daylight: Alien,tbd
Truth,tbd
Ashina: The Red Witch,tbd
Lost Eidolons,75
"Sagashi Mono wa, Natsu Desu Ka.",tbd
DPS IDLE,tbd
Armored Core VI: Fires of Rubicon,86
Pinball FX - Williams Pinball: Star Trek: The Next Generation,tbd
Shotgun King: The Final Checkmate,75
The Expanse: A Telltale Series - Episode 3,80
"Warhammer 40,000: Battlesector - Daemons of Khorne",tbd
Heavenly Bodies,75
Blasphemous 2,83
Zombie Derby,tbd
Mirrored Souls,tbd
No Place Like Home,80
The Oregon Trail,76
Smurfs Kart,83
Immortals of Aveum,76
Age of Empires IV: Anniversary Edition,83
WrestleQuest,91
RIDE 5,75
Embraced By Autumn,tbd
Pirate Bloopers,tbd
The Texas Chain Saw Massacre,77
Chrome Wolf,tbd
Die After Sunset,tbd
Let's Build a Zoo: Aquarium Odyssey,tbd
Gord,78
Marble It Up! Ultra,76
Shadow Gambit: The Cursed Crew,85
Quantum: Recharged,81
Hello Engineer,tbd
Dust & Neon,85
Two Point Campus: Medical School,tbd
Kentucky Route Zero: TV Edition,87
Dragon Ball Z: Kakarot - The 23rd World Tournament,tbd
Iron Danger,90
Creepy Tale 3: Ingrid Penance,tbd
Madden NFL 24,80
Astro Flame: Starfighter,tbd
EVERSPACE 2,81
Moving Out 2,80
Bright Lights of Svetlov,tbd
World Soccer Pinball,tbd
Cube Airport,tbd
Acceptance,tbd
Jurassic World Evolution 2: Prehistoric Marine Species Pack,tbd
Stray,83
The Expanse: A Telltale Series - Episode 2,75
The Dragoness: Command of the Flame,93
Stray Gods: The Roleplaying Musical,75
Quake II - Enhanced Edition,90
Atlas Fallen,83
Legend Bowl,80
Mondealy,tbd
Skabma - Snowfall,90
Running Fable,tbd
Fluffy Milo,tbd
Saints Row: A Song of Ice and Dust,tbd
Sapu,tbd
Sclash,tbd
WildTrax Racing,tbd
Strange Horticulture,83
Death Becomes You,tbd
Whispike Survivors - Sword of the Necromancer,tbd
Adore,80
GigaBash,80
Potata,80
The Red Exile - Survival Horror,tbd
Atomic Heart: Annihilation Instinct,tbd
Oceanhorn 2: Knights of the Lost Realm,81
Night Reverie,tbd
Venba,79
Spectrolite,tbd
Working Hard Collection,tbd
F1 Manager 2023,79
Double Dragon Gaiden: Rise of the Dragons,77
Nova Strike,88
Koa and the Five Pirates of Mara,80
The Expanse: A Telltale Series - Episode 1,80
The Expanse: A Telltale Series,80
Mr. Run and Jump,75
Colossal Cave,80
Dead by Daylight: Nicolas Cage,tbd
Street Fighter 6: Rashid,tbd
Bloomyth,tbd
Sephonie,100
Remnant II,80
IceLine,tbd
Antstream Arcade,tbd
Venice 2089,tbd
Cross Tails,tbd
CATAN: Console Edition - The Helpers,tbd
The Wandering Village,tbd
Punch Club 2: Fast Forward,tbd
The Sims 4: Horse Ranch,80
Strategic Mind: Fight for Dominance,tbd
Oaken,75
Spirit Hunters: Infinite Horde,tbd
Maquette,90
Agriculture,tbd
LISA: The Joyful,tbd
REMEDIUM: Sentinels,tbd
LISA: Definitive Edition,83
Insomnis,80
LISA: The Painful - Definitive Edition,tbd
The Cave (2013),91
TOEM,79
Words of Wisdom,tbd
UltraGoodness,tbd
Mighty Mage,tbd
Super Trunko Go,tbd
Exoprimal,80
Ed-0: Zombie Uprising,80
MORDHAU,81
Dead Man's Diary,tbd
Sea Horizon,tbd
Rain World: Downpour,tbd
The Valiant,85
Rain World,90
Common'hood,tbd
Garlic,tbd
Safari Pinball,tbd
Scarf,80
Saints Row: Doc Ketchum's Murder Circus,tbd
Sniper Elite 5: Kraken Awakes,tbd
GYLT,85
City Limits,tbd
EchoBlade,tbd
Vision Soft Reset,tbd
Inner Ashes,tbd
The Lost and The Wicked,tbd
A Tale for Anna,tbd
ChronoBreach Ultra,tbd
Grim Legends: The Forsaken Bride,80
Front Mission 1st Remake,95
PowerWash Simulator: SpongeBob SquarePants Special Pack,tbd
NeverAwake,84
Burnhouse Lane,tbd
The Callisto Protocol: Final Transmission,tbd
Noob: The Factionless,tbd
AEW: Fight Forever,86
Mundaun,75
Reverie: Sweet As Edition,tbd
Word Maze by POWGI,tbd
SOULVARS,80
Story of Seasons: A Wonderful Life,76
Moonshine Inc.,tbd
Placid Plastic Duck Simulator,tbd
Raging Bytes,tbd
F.I.S.T.: Forged In Shadow Torch,80
Sonic Origins Plus,78
Tricks Magician,tbd
Skautfold: Usurper,tbd
Sonic Origins Plus - Expansion Pack,tbd
Unimime - Unicycle Madness,tbd
The Bookwalker: Thief of Tales,77
APICO,85
Harmony: The Fall of Reverie,75
Dr. Fetus' Mean Meat Machine,76
Age of Wonders 4: Dragon Dawn,tbd
The Elder Scrolls Online: Necrom,82
Aliens: Dark Descent,75
Crash Team Rumble,85
LOUD: My Trip to Japan,tbd
Escape Academy: Escape from the Past,tbd
Stay Out of the House,tbd
Speed or Death,tbd
Shark Pinball,tbd
The Fairy's Song,tbd
Ghost Files: The Face of Guilt,tbd
Army of Ruin,tbd
Park Beyond,76
Layers of Fear,75
Fall of Porcupine,90
Crime Boss: Rockay City,92
Steel Assault,75
Brave Soldier - Invasion of Cyborgs,tbd
F1 23,82
Greyhill Incident,96
Dordogne,76
Dead by Daylight: End Transmission,tbd
Cat Souls,tbd
Kingdom of Aurelia: Mystery of the Poisoned Dagger,tbd
Dead Ground,tbd
MotoGP 23,75
"A Painter's Tale: Curon, 1950",tbd
Pinball FX: Honor and Legacy Pack,tbd
Tour de France 2023,80
SENSEs: Midnight,tbd
Toodee and Topdee,84
GRIME: Tinge of Terror,tbd
Nocturnal,78
Listeria Wars,tbd
Raiden III x MIKADO MANIAX,76
Amnesia: The Bunker,78
Diablo IV,86
Speed Truck Racing,tbd
Kuroi Tsubasa,tbd
We Love Katamari REROLL+ Royal Reverie,81
Super Mega Baseball 4,79
Minabo - A walk through life,85
Street Fighter 6 - Year 1 Character Pass,tbd
Street Fighter 6,92
Homebody,80
Slayers X: Terminal Aftermath: Vengance of the Slayer,80
Killer Frequency,78
Zombie Derby 2,tbd
Undead Horde 2: Necropolis,tbd
LASERPITIUM,tbd
Railbound,81
Aquarist,86
Farworld Pioneers,tbd
To Hell With The Ugly,tbd
Chicory: A Colorful Tale,90
Company of Heroes 3,81
Puzzle Quest 3,85
Shame Legacy,tbd
Home Sheep Home: Farmageddon Party Edition,tbd
Miracle Snack Shop,tbd
Pirates Pinball,tbd
Onigo Hunter,tbd
Chronicles of 2 Heroes: Amaterasu's Wrath,tbd
Dice Legacy: Definitive Edition,tbd
REPLIKATOR,tbd
One Piece Odyssey: Reunion of Memories,tbd
Evil Wizard,77
Massive Chalice,100
Railway Empire 2,79
The Lord of the Rings - Gollum,96
Guilty Gear -Strive- - Additional Character: #9 Asuka,tbd
Cassette Beasts,84
TORINTO,tbd
Danger Gazers,tbd
Star Trek: Resurgence,90
"Warhammer 40,000: Boltgun",75
Miasma Chronicles,80
CONV/RGENCE: A League of Legends Story,81
After Us,77
Planet of Lana,80
Aeterna Noctis: Pit of the Damned,tbd
Cyber Citizen Shockman,80
XEL,99
Rubberduck Wave Racer,tbd
"Death, Soul & Robots",tbd
Eastern Exorcist,80
Ghostlore,tbd
No One Lives Under the Lighthouse,75
Nightmare Reaper,82
Supraland: Six Inches Under,tbd
Chasm: The Rift Remaster,tbd
Under The Warehouse,tbd
Crusader Kings III: The Royal Court,83
Tin Hearts,76
LEGO 2K Drive,90
"The King of Fighters XV - DLC Character ""SYLVIE PAULA PAULA""",tbd
Bus Simulator 21: Next Stop,tbd
Kargast,tbd
Warlander,80
Trackmania,88
One Step After Fall,tbd
Last Labyrinth: Lucidity Lost,tbd
Little Disaster,tbd
Legend of Keepers: Career of a Dungeon Manager,76
Fuga: Melodies of Steel 2,84
Marvel's Midnight Suns: Blood Storm,tbd
After You - Level Escape,tbd
MathLand,tbd
Death or Treat,95
TT Isle of Man: Ride on the Edge 3,85
Filthy Animals: Heist Simulator,tbd
Boss Rush: Mythology,tbd
Garden Simulator,tbd
Saints Row: The Heist & The Hazardous,tbd
Weird West: Definitive Edition,tbd
Gruta,tbd
Swordbreaker: Origins,tbd
The Excrawlers,tbd
Gruta,tbd
Kao the Kangaroo: Bend the Roo'les,tbd
Omega Strikers,79
Ravenlok,80
Mia and the Dragon Princess,75
Moonrise Fall,tbd
Weeping Willow,tbd
Grindstone,87
Color Pals,tbd
Redfall,90
Age of Wonders 4,82
Besiege,100
Sweet Bakery Tycoon,tbd
8Doors: Arum's Afterlife Adventure,tbd
Gematombe,tbd
The witch of the Ihanashi,tbd
Star Wars Jedi: Survivor,85
Monster Hunter Rise: Sunbreak,86
The Creepy Syndrome,tbd
The Last Case of Benedict Fox,93
BlazBlue: Cross Tag Battle - Special Edition,tbd
Project Nightmares Case 36: Henrietta Kedward,76
Bramble: The Mountain King,80
Treachery in Beatdown City: Ultra Remix,tbd
Tin Can,tbd
Mangavania,tbd
Neko Rescue Tale,tbd
Ampersat,tbd
DoraKone,tbd
Strayed Lights,76
TramSim,tbd
Stranded: Alien Dawn,81
War Mongrels,80
Afterimage,79
Catacomb Master,tbd
Dead Island 2,75
Homestead Arcana,93
Light of Life,tbd
Revita,78
Stray Blade,75
Coffee Talk Episode 2: Hibiscus & Butterfly,79
Cavity Busters,tbd
Secret Agent : Cold War Espionage,tbd
Teslagrad Remastered,tbd
Teslagrad 2,76
Ayre and the Crystal Comet,tbd
Final Apex,tbd
God of Rock,90
Minecraft Legends,100
The Mageseeker: A League of Legends Story,78
Urbek City Builder,tbd
Farm Slider,tbd
Ultra Pixel Survive,tbd
Basketball Pinball,tbd
DE-EXIT - Eternal Matters,tbd
Pinball FX: Crypt of the NecroDancer Pinball,tbd
Dogfight: A Sausage Bomber Story,tbd
Osman,75
Vampire Survivors: Tides of the Foscari,tbd
Pinball FX - Williams Pinball: Twilight Zone,tbd
Murderous Muses,tbd
GhostWire: Tokyo,75
King of the Arcade,75
Hyper-5,tbd
Sherlock Holmes: The Awakened,75
Inscryption,85
Joe Wander and the Enigmatic Adventures,tbd
Resident Evil 4: The Mercenaries,tbd
Bumballon,tbd
The Library of Babel,95
Curse of the Sea Rats,80
Buddy Simulator 1984,79
Marfusha,89
Melon Journey: Bittersweet Memories,76
Dashing Orange,tbd
Egglien,tbd
Loop Hero,82
"The King of Fighters XV - DLC Character ""KIM KAPHWAN""",tbd
Meet Your Maker,76
Road 96: Mile 0,90
EA Sports PGA Tour,76
Mothered - A Role-Playing Horror Game,tbd
Rally Rock 'N Racing,tbd
Blade Assault,tbd
Shukuchi Ninja,tbd
Billy 101,tbd
Lunark,77
Saga of Sins,75
The Last Worker,75
That's My Family: Family Fun Night,tbd
DREDGE,80
Ankora: Lost Days,tbd
Palindrome Syndrome: Escape Room,tbd
Metal: Hellsinger - Dream of the Beast,tbd
RunBean Galactic,tbd
Forza Horizon 5: Rally Adventure,77
Chef Life: A Restaurant Simulator,80
SIFU,81
Dragon Pinball,tbd
Witchcrafty,tbd
Overloop,tbd
Steel Defier,tbd
MLB The Show 23,82
Resident Evil 4,93
Yello Adventures,tbd
Superfidos,tbd
Marvel's Midnight Suns - The Hunger,tbd
Deceive Inc.,75
The Guise,tbd
Peppa Pig: World Adventures,80
ALTERITY EXPERIENCE,tbd
Backbeat,tbd
Demon Hunter: Chronicles from Beyond,tbd
Anno 1800 Console Edition,83
Two Point Campus: School Spirits,tbd
Tricky Thief,tbd
BigChick,tbd
Blade of Darkness (2001),75
Vernal Edge,76
The Forest Cathedral,tbd
The Wreck,92
WWE 2K23,82
emoji Kart Racer,tbd
EvilUP,tbd
DC's Justice League: Cosmic Chaos,76
Mato Anomalies,80
Resident Evil 4: Chainsaw Demo,tbd
Transport Fever 2,76
Papetura,83
Fatal Frame: Mask of the Lunar Eclipse,84
Zapling Bygone,80
Monster Energy Supercross - The Official Videogame 6,80
Caverns of Mars: Recharged,85
Zombie Derby: Pixel Survival,tbd
Figment 2: Creed Valley,76
Clash: Artifacts of Chaos,77
Tiny Troopers: Global Ops,tbd
Cions of Vega,tbd
Guilty Gear -Strive-,87
Romancelvania,90
The Outer Worlds: Spacer's Choice Edition,78
Dead by Daylight: Tools of Torment,tbd
Rogue Spirit,85
Sentry Paragon,tbd
Gunman Tales,tbd
Wo Long: Fallen Dynasty,81
The Smile Alchemist,tbd
Jurassic Pinball,tbd
PowerWash Simulator: Midgar Special Pack,tbd
Iris and the Giant,tbd
Bendy and the Dark Revival,80
LEAP,tbd
Fight'N Rage,79
Destiny 2: Lightfall,90
Merge & Blade,tbd
Fernbus Simulator,tbd
Dakar Desert Rally: SnowRunner Trucks,tbd
Fernbus Coach Simulator,tbd
Scars Above,80
Lootbox Lyfe,tbd
SimAirport,tbd
Blood Bowl III,85
Remorse: The List,90
CATAN: Console Edition,87
Planet Cube: Edge,tbd
Marvel's Midnight Suns - Redemption,tbd
Gal Guardians: Demon Purge,76
sCATch: The Painter Cat,tbd
Arcadia Fallen,76
Webgeon Speedrun Edition,tbd
Remoteness,tbd
Animal Lover,tbd
Twice Reborn: a vampire visual novel,tbd
Akka Arrh,77
Seven Doors,tbd
Like a Dragon: Ishin!,81
Gigantosaurus: Dino Kart,80
Rise of Fox Hero,tbd
CyberHeroes Arena DX,tbd
Wild Hearts,79
Dark Burial: Enhanced Edition,tbd
Shadow Warrior 3: Definitive Edition,76
Pinball FX,100
Pocket Witch,tbd
Cities: Skylines Remastered,tbd
Launcher Heroes,tbd
Journey to the Savage Planet: Employee of the Month Edition,tbd
Ten Dates,75
Wanted: Dead,90
Touchdown Pinball,tbd
Go! Go! PogoGirl,tbd
Hyper Shapes,tbd
The Redress of Mira,tbd
Prizma Puzzle Prime,tbd
Cube Farmer,tbd
Peachy Boy,tbd
Prison Tycoon: Under New Management,tbd
Hogwarts Legacy,84
Pets at Work,tbd
Heirs of the Kings,tbd
Debtor,tbd
Speedway Racing,tbd
The Pathless,77
Kattish,tbd
Fashion Police Squad,80
Deliver Us Mars,87
Albacete Warrior,tbd
Rhythm Sprout,80
PowerWash Simulator: Tomb Raider Special Pack,tbd
Raiden IV x Mikado Remix,85
Age of Empires II: Definitive Edition,84
We Were Here Forever,76
Backfirewall_,85
Wonderland Nights: White Rabbit's Diary,tbd
GoldenEye 007,96
Stranger of Paradise: Final Fantasy Origin - Different Future,tbd
GoldenEye 007,96
OddBallers,80
Shoulders of Giants,75
MechWarrior 5: Mercenaries - Rise of Rasalhague,tbd
The Witcher 3: Wild Hunt - Complete Edition,85
THE Table Game Deluxe Pack,tbd
"Marvel's Midnight Suns - The Good, the Bad, and the Undead",75
Transiruby,tbd
Startup Company: Console Edition,tbd
Sissa's Path,tbd
LoBlocks,tbd
Hi-Fi Rush,87
World War Z: Aftermath,80
Demon Hunter: New Chapter,tbd
Monster Hunter Rise,88
Trenches,93
DEEP SPACE ANOMALY,tbd
Graze Counter GM,tbd
Shin Megami Tensei: Persona 3 Portable,89
Tortuga - A Pirate's Tale,tbd
Persona 4 Golden,93
A Space For The Unbound,85
Wings Of Bluestar,tbd
"The King of Fighters XV - DLC Character ""SHINGO YABUKI""",tbd
Mrs.Cat Between Worlds,tbd
RE:CALL,80
Space Raiders in Space,tbd
Ballotron Oceans,tbd
One Piece Odyssey,77
Dragon Ball Z: Kakarot,76
Salamander County Public Television,tbd
Chasing Static,75
Breakers Collection,80
Children of Silentown,78
Neon Souls,tbd
We Are The Caretakers,tbd
8-Ball Pocket,tbd
Hyper Gunsport,tbd
Space Engineers,75
Sail Forth,77
Space Accident,tbd
Headbangers in Holiday Hell,tbd
Wave Break,75
Crossovers By POWGI,tbd
Them's Fightin' Herds - Additional Character #1 Texas,tbd
Crime Secrets: Crimson Lily,tbd
It's Kooky,tbd
HEROish,tbd
Panda Punch,tbd
Blacktail,80
River City Girls 2,78
Beholder 3,80
Tetraminos,tbd
Vampire Survivors: Legacy of the Moonspell,tbd
Brick Breaker,tbd
Mahjong (2016),tbd
GRIME,81
Cassiodora,tbd
Broken Lines,76
Raptor Boyfriend: A High School Romance,tbd
High on Life,95
Crisis Core: Final Fantasy VII Reunion,78
Wavetale,76
Potion Craft: Alchemist Simulator,76
GRIS,83
Doctor Who: The Edge of Reality + The Lonely Assassins,tbd
Terror of Hemasaurus,85
Jitsu Squad,75
Afterglitch,tbd
Petite Adventure,tbd
The Rumble Fish 2,90
Chained Echoes,90
The Rumble Fish 2,90
Mech Armada,tbd
Dad's Monster House,tbd
Dobo's Heroes,tbd
Bot Gaiden,tbd
Togges,97
Divine Knockout,81
Hindsight,76
Far Cry 6: Lost Between Worlds,99
Hello Neighbor 2,75
Firefighting Simulator - The Squad,75
"Warhammer 40,000: Inquisitor - Martyr",80
Back 4 Blood: River of Blood,tbd
Swordship,77
PAW Patrol: Grand Prix - Race in Barkingburg,tbd
Marvel's Midnight Suns,83
The Knight Witch,79
Need for Speed Unbound,77
The Callisto Protocol,100
Intrepid Izzy,95
Krampus Kills,tbd
New Joe & Mac: Caveman Ninja,tbd
The Game of Life 2,75
Gundam Evolution,80
Warp Drive,tbd
Until the Last Plane,tbd
MEGALAN 11,tbd
Astronite,80
United Assault - Battle of the Bulge,tbd
Assassin's Creed Valhalla: The Last Chapter,tbd
The Beast Inside,85
Soccer Story,89
Robolifter,tbd
How to Fool a Liar King Remastered,tbd
Bloody Samurai,tbd
Finding the Soul Orb,tbd
Ship of Fools,77
Five Nights at Freddy's: Security Breach,80
Dead by Daylight: Forged in Fog Chapter,tbd
Gungrave G.O.R.E,84
Just Dance 2023 Edition,77
Evil West,75
Saint Kotar,94
Bus Simulator 21,85
Grapple Dog,76
Heidelberg 1693,85
The Dark Pictures Anthology: The Devil in Me,79
Slime's Journey,tbd
Goat Simulator 3,78
NORCO,89
Starsand,tbd
My Fantastic Ranch,tbd
Super Chicken Jumper,tbd
Cronostase Electric Collection,tbd
Figment,75
Pentiment,86
Syberia: The World Before,81
The Bounty Huntress,tbd
RWBY: Arrowfell,93
Garfield Lasagna Party,tbd
Somerville,100
Farming Simulator 22: Platinum Edition,tbd
Farming Simulator 22: Platinum Expansion,tbd
Call of Duty: Warzone,79
McPixel 3,75
Atari 50: The Anniversary Celebration,89
Microsoft Flight Simulator: 40th Anniversary,tbd
Save Room,tbd
Police Simulator: Patrol Officers,80
Steelrising - Cagliostro's Secrets,tbd
Kaiju Wars,76
Vampire Survivors,87
Escape Academy: Escape from Anti-Escape Island,78
Mechapunk,tbd
Super Woden GP,tbd
Super Ninja Miner,tbd
Football Manager 2023,81
Cobra Kai 2: Dojos Rising,tbd
Sonic Frontiers,75
Trash Sailors,90
Return to Monkey Island,86
BRATZ: Flaunt Your Fashion,tbd
Caterpillar,tbd
Tanuki Sunset,80
Silver Nornir,tbd
Humankind,77
7 Days of Rose,tbd
CounterAttack,tbd
The Entropy Centre,80
Sword and Fairy: Together Forever,90
The Chant,90
WRC Generations,77
Yuppie Psycho,81
Ghost Song,79
Arcade Paradise: Coin-Op Pack 1,tbd
Hatup,tbd
OlliOlli World: Finding the Flowzone,84
Shatter Remastered Deluxe,80
Lonesome Village,80
LEGO Star Wars: The Skywalker Saga - Galactic Edition,tbd
Missile Command: Recharged,80
The Legend of Tianding,81
Bassmaster Fishing 2022: Super Deluxe Edition,tbd
Broken Pieces,80
Resident Evil Re:Verse,tbd
Silenced: The House,tbd
Live by the Sword: Tactics,tbd
Resident Evil Village Gold Edition,80
Resident Evil Village: Winters' Expansion,90
Charon's Staircase,80
Last Days of Lazarus,93
Call of Duty: Modern Warfare II,76
Bones of Halloween,tbd
"Warhammer 40,000: Inquisitor - Martyr: Ultimate Edition",tbd
Saturnalia,80
Arkanoid: Eternal Battle,80
Gunfire Reborn,75
Paper Cut Mansion,92
Brewmaster: Beer Brewing Simulator,tbd
Asterix & Obelix XXXL: The Ram From Hibernia,96
Arkanoid: Eternal Battle,80
Stranger of Paradise: Final Fantasy Origin - Wanderer of the Rift,tbd
Robotry!,tbd
Mount & Blade II: Bannerlord,77
Miraculous: Rise of the Sphinx,tbd
New Tales from the Borderlands,92
JoJo Siwa: Worldwide Party,tbd
Gotham Knights,95
Persona 5 Royal,95
RUNOUT,tbd
"Warhammer 40,000: Shootas, Blood & Teef",77
TEMPUS,tbd
Redout 2: Summer Pack,tbd
Batora: Lost Haven,76
Amnesia: Rebirth,80
The Jackbox Party Pack 9,81
Park Story,tbd
Pnevmo-Capsula,tbd
41 Hours,tbd
The Last Hero of Nostalgaia,75
A Plague Tale: Requiem,82
Them's Fightin' Herds,80
Ghostbusters: Spirits Unleashed,90
Them's Fightin' Herds,80
Ghostbusters: Spirits Unleashed,90
Scorn,100
God Damn The Garden,tbd
Trifox,77
Nickelodeon Kart Racers 3: Slime Speedway,85
Star Trek: Prodigy - Supernova,tbd
Letterbox by POWGI,tbd
Dragon Ball: The Breakers,96
Paradise Marsh,85
The Last Oricru,96
Dying Light 2 Stay Human: Bloody Ties,96
Winter Games 2023,tbd
The Eternal Cylinder,79
"Kao the Kangaroo: Oh, Well!",tbd
LEGO Bricktales,75
Bloodwash,tbd
Warpips,tbd
Unusual Findings,90
Asterigos: Curse of the Stars,76
NHL 23,90
No More Heroes III,75
PGA Tour 2K23,76
Eville,tbd
Dragon Prana,tbd
A Frog's Job,tbd
L.O.L. Surprise! B.B.s Born to Travel,tbd
Pandaty,tbd
Serious Sam: Siberian Mayhem,83
Medieval Dynasty,80
FALLING OUT,tbd
Kamikaze Veggies,tbd
Overwatch 2,79
Let's Sing ABBA,80
"The King of Fighters XV - DLC Characters ""Team SAMURAI""",tbd
Dakar Desert Rally,85
Alfred Hitchcock: Vertigo,82
DC League of Super-Pets: The Adventures of Krypto and Ace,tbd
Maneater: Apex Edition,tbd
Lemon Cake,tbd
Airoheart,75
Rabio,tbd
Bunny Park,tbd
PAW Patrol: Grand Prix,tbd
9 Clues 2: The Ward,tbd
Caffeine: Victoria's Legacy,tbd
Despot's Game,80
ValiDate: Struggling Singles in your Area,tbd
SongPop Party,tbd
Work from Home,tbd
Let's Build a Zoo,78
Tip Top: Don't fall!,tbd
FIFA 23,76
Grounded,82
Moonscars,75
World of Outlaws: Dirt Racing,tbd
THE HOUSE OF THE DEAD: Remake,85
Roar of Revenge,tbd
DreamWorks Dragons: Legends of the Nine Realms,tbd
Prodeus,84
"I, AI",tbd
Prison Tycoon: Under New Management - Maximum Security,tbd
Train Life: A Railway Simulator,84
Prison Tycoon: Under New Management - Roll Call,tbd
Potion Permit,81
Session: Skate Sim,100
Beacon Pines,84
The DioField Chronicle,78
Serial Cleaners,80
SpiderHeck,tbd
Slime Rancher 2,tbd
Ruya,tbd
Blood Waves,tbd
Soulstice,85
Construction Simulator - Extended Edition,75
Hardspace: Shipbreaker,82
Deathloop,88
Construction Simulator,tbd
Cotton Reboot!,81
The Dark Prophecy,tbd
Plunder Panic,tbd
Unichrome: A 1-Bit Unicorn Adventure,tbd
Paddles,tbd
SBK 22,75
Wayward Strand,79
Outer Wilds,85
Metal: Hellsinger,79
Ni no Kuni: Wrath of the White Witch Remastered,86
Blind Fate: Edo no Yami,96
You Suck at Parking,80
Q.U.B.E. 10th Anniversary,85
Maggie the Magnet,tbd
Nobody Saves the World: Frozen Hearth,tbd
River City Girls Zero,75
Isonzo,90
Little Orpheus,80
NBA 2K23,78
Catmaze,tbd
Castle Walker,tbd
White Day: A Labyrinth Named School,90
Steelrising,100
Justice Sucks,79
Kaichu - The Kaiju Dating Sim,tbd
Circus Electrique,80
Temtem,79
JoJo's Bizarre Adventure: All-Star Battle R,75
Train Sim World 3,80
Super Sunny Island,tbd
LEGO Brawls,94
Onsen Master,tbd
Murder on the Marine Express,tbd
Hobo: Tough Life,tbd
Fairy Elements,tbd
Rick Henderson,tbd
Dead by Daylight: Resident Evil - Project W,tbd
Back 4 Blood: Children of the Worm,tbd
Destroy All Humans! 2 - Reprobed,90
Teenage Mutant Ninja Turtles: The Cowabunga Collection,79
Aliens: Fireteam Elite - Pathogen,75
Immortality,87
Tinykin,78
Resident Evil 3,79
F1 Manager 2022,79
My Friend Peppa Pig: Complete Edition,tbd
The Company Man,80
NHRA Championship Drag Racing: Speed For All,tbd
Pac-Man World: Re-PAC,85
Aquadine,tbd
Soul Hackers 2,77
PJ Masks: Heroes Of The Night - Complete Edition,tbd
Opus: Echo of Starsong - Full Bloom Edition,tbd
eFootball 2023,tbd
RichMan 10,tbd
SD Gundam Battle Alliance,80
Islets,82
Kid Ball Adventure,tbd
Yars: Recharged,83
Saints Row,95
Fallen Legion: Rise to Glory / Fallen Legion Revenants,tbd
Are You Smarter Than A 5th Grader?,83
A Tale of Paper: Refolded,tbd
Arenas Of Tanks,tbd
Cursed to Golf,80
Thymesia,80
Slaycation Paradise,tbd
The Ascent: Cyber Heist,tbd
Little League World Series Baseball 2022,tbd
Tribes of Midgard,90
Way of the Hunter,80
Madden NFL 23,85
Voyage,75
Tiny Tina's Wonderlands: Shattering Spectreglass,tbd
Cult of the Lamb,82
Arcade Paradise,81
Rumbleverse,tbd
Ynglet,81
Book Quest,tbd
Two Point Campus,83
"The King of Fighters XV - DLC Characters ""Team AWAKENED OROCHI""",tbd
Gigapocalypse,tbd
Roll The Cat,tbd
Nickelodeon All-Star Brawl: Hugh Neutron Brawler Pack,tbd
Gale of Windoria,tbd
After Wave: Downfall,tbd
South of the Circle,75
Frogun,76
Digimon Survive,77
Avenging Spirit,80
Bright Paw: Definitive Edition,tbd
LootLite,tbd
What Remains of Edith Finch,88
Arsonist Heaven,tbd
Sniper Elite 5: Landing Force,tbd
Severed Steel,76
Endzone: A World Apart - Distant Places,tbd
Dungeon Slime Collection,tbd
Bright Memory: Infinite,85
Hell Pie,78
Stranger of Paradise: Final Fantasy Origin - Trials of the Dragon King,tbd
Baldur's Gate: Dark Alliance II,78
Seduction: A Monk's Fate,tbd
Forza Horizon 5: Hot Wheels,85
Gloom and Doom,tbd
Crossout,80
As Dusk Falls,77
Endling - Extinction is Forever,75
The Riftbreaker: Metal Terror,tbd
Long Live The Queen,96
Running on Magic,tbd
Toree's 3D Platformer Collection,tbd
DreadOut 2,96
Musynx,78
Cazzarion: Demon Hunting,tbd
Musynx,78
Hot Wheels Unleashed: Looney Tunes,tbd
Mothmen 1966,80
PowerWash Simulator,75
Escape Academy,79
The Tale of Bistun,76
Rayland,tbd
Time on Frog Island,77
Hellpoint,75
Krut: The Mythic Wings,95
Formula Bit Racing DX,tbd
Klonoa Phantasy Reverie Series,78
Crypt of the Serpent King Remastered 4K Edition,tbd
MADiSON,75
Road of Death,tbd
Overrogue,tbd
DJMax Respect V,tbd
Matchpoint: Tennis Championships,92
Quintus and the Absent Truth,tbd
Arcadegeddon,90
Solasta: Crown of the Magister,77
Renzo Racer,tbd
Almost My Floor,tbd
Sixty Words by POWGI,tbd
Hourglass,tbd
The Jackbox Party Starter,tbd
Outriders Worldslayer,78
The Galactic Junkers,tbd
House Flipper,90
Hillbilly Doomsday,tbd
The Legend of Bum-bo,80
Taco Tom 2,tbd
Can Androids Survive,tbd
MX vs ATV Legends,80
Tour de France 2022,80
Fobia - St. Dinfna Hotel,76
F1 22,79
The Psychoduck,tbd
A Winter's Daydream,tbd
Naraka: Bladepoint,90
Tiny Tina's Wonderlands: Molten Mirrors,tbd
Sonic Origins,78
Deliver Us The Moon,77
Autobahn Police Simulator 3,tbd
Autobahn Police Simulator,tbd
REDO!,tbd
Firegirl: Hack 'n Splash Rescue DX,80
Drunken Fist 2: Zombie Hangover,tbd
Why Pizza?,tbd
Milky Way Prince: The Vampire Star,82
Shadowrun: Dragonfall - Director's Cut,87
Shadowrun Returns,76
Shadowrun: Hong Kong - Extended Edition,tbd
Fall Guys,81
Shadowrun Trilogy,76
The Elder Scrolls Online: High Isle,79
Oxide Room 104,83
Omori,87
Tales of Aravorn: Seasons Of The Wolf,tbd
Teenage Mutant Ninja Turtles: Shredder's Revenge,85
Zorro: The Chronicles,80
DEADCRAFT: It Came From the Junkyard,tbd
Autonauts,80
Redout 2,78
King Leo,tbd
OlliOlli World: VOID Riders,84
Thunder Kid II: Null Mission,tbd
Assassin's Creed Valhalla - Discovery Tour: Viking Age,76
The Hand of Merlin,tbd
Jurassic World Evolution 2: Dominion Biosyn Expansion,tbd
LumbearJack,tbd
Resident Evil 2,91
Resident Evil 7: biohazard,86
Microsoft Flight Simulator: Halo Infinite,tbd
Freshly Frosted,85
The Wizard and The Slug,tbd
The Quarry,79
Zeus Quest - The Rebirth of Earth,tbd
INDUSTRIA,80
Biomutant,79
Square Keeper,tbd
Nummels,tbd
Spacewing War,tbd
Super Impossible Road,78
SpellForce III Reforced,77
Dead by Daylight: Roots of Dread,tbd
Super Perils of Baking,76
TEN,tbd
Unexplored 2: The Wayfarer's Legacy,85
Souldiers,77
Gravitar: Recharged,75
Surface Rush,tbd
SILT,80
The Big Con: Grift of the Year Edition,tbd
Word Wheel by POWGI,tbd
Just Shapes & Beats,83
SnowRunner,81
My Little Pony: A Maretime Bay Adventure,tbd
Remote Life,80
Arcade Spirits: The New Challengers,82
Kao the Kangaroo,80
Sniper Elite 5,77
Blow & Fly,tbd
Amazing Superhero Squad,tbd
Injection Pi 23 'Ars regia',tbd
Floppy Knights,83
DOLMEN,80
The Legend of the Dragonflame Highschool Collection,tbd
Will Die Alone,tbd
Sherlock Holmes: Chapter One - Clergyman Cassock,tbd
Tiny Tina's Wonderlands: Glutton's Gamble,tbd
Vampire: The Masquerade - Swansong,90
DEADCRAFT,77
Endzone: A World Apart,80
Behind Closed Doors: A Developer's Tale,tbd
Divination,tbd
"The King of Fighters XV - DLC Characters ""Team SOUTH TOWN""",tbd
Outward: Definitive Edition,99
Nickelodeon All-Star Brawl: Universe Pack,tbd
Evil Dead: The Game,76
HellGunner,tbd
Nickelodeon All-Star Brawl: Jenny Brawler Pack,tbd
Tourist Bus Simulator,tbd
Infinite Links,tbd
Get-A-Grip Chip and the Body Bugs,tbd
Get-A-Grip Chip,78
Soundfall,85
Source of Madness,80
Lethis - Path of Progress,93
Danganronpa 2: Goodbye Despair Anniversary Edition,tbd
This War of Mine: Final Cut,82
This War of Mine: Complete Edition,80
Eiyuden Chronicle: Rising,88
Elemental War 2,tbd
Chefy-Chef,tbd
Citizen Sleeper,82
Trek to Yomi,91
PictoQuest,85
Slap The Rocks,tbd
Loot River,90
Micro Pico Racers,tbd
Dandy & Randy DX,tbd
Ravenous Devils,80
RICO London,97
Unsouled,tbd
Rogue Legacy 2,88
Bugsnax,75
The Stanley Parable: Ultra Deluxe,90
The Sorrowvirus: A Faceless Short Story,tbd
Cozy Grove: New Neighbears,tbd
The Serpent Rogue,90
Research and Destroy,80
Castle Formers,tbd
Ayo the Clown,75
Fast & Furious: Spy Racers Rise of SH1FT3R - Arctic Challenge,tbd
Hot Wheels Unleashed: Monster Trucks Expansion,tbd
Galactic Wars EX,tbd
orbit.industries,tbd
MotoGP 22,76
Anuchard,77
Tiny Tina's Wonderlands: Coiled Captors,tbd
Chernobylite,75
Metal Tales: Overkill,tbd
"Warhammer 40,000: Battlesector - Necrons",tbd
The Endless Summer Surfing Challenge,tbd
Liberated: Enhanced Edition,tbd
NeonLore,tbd
Winter Ember,96
Knightin'+,tbd
The Flower Shop: Summer In Fairbrook,tbd
9 Clues: The Secret of Serpent Creek,tbd
Road 96,79
Limb Hunter,tbd
Back 4 Blood: Tunnels of Terror,tbd
Wild West Crops,tbd
A Sketchbook About Her Sun,tbd
Whiskey & Zombies: The Great Southern Zombie Escape,tbd
Godfall: Ultimate Edition,80
Road Maintenance Simulator,tbd
Kombinera,77
Z-Warp,tbd
Outbreak: Contagious Memories,tbd
LEGO Star Wars: The Skywalker Saga,82
MLB The Show 22,77
Flat Kingdom: Paper's Cut Edition,tbd
Tropico 6,78
Catie in MeowmeowLand,tbd
Reed Remastered,tbd
Agent Intercept,76
Crusader Kings III,91
Vengeful Heart,tbd
Vengeful Heart,tbd
Lost Judgment: The Kaito Files,76
Tiny Tina's Wonderlands,78
PJ Masks: Heroes Of The Night - Mischief on Mystery Mountain,tbd
Devastator,tbd
My Friend Peppa Pig: Pirate Adventures,tbd
Taqoban,tbd
A Memoir Blue,75
Far Cry 6 - The Vanishing,tbd
Imp of the Sun,75
Disciples: Liberation - Paths to Madness,tbd
The Pizza Delivery Boy Who Saved the World,tbd
Thunder Kid: Hunt for the Robot Emperor,tbd
Blast Brigade vs. the Evil Legion of Dr. Cread,79
Sherlock Holmes: Chapter One - M for Mystery,tbd
Stranger of Paradise: Final Fantasy Origin,90
Train Sim World 2: Harlem Line,tbd
Royal Frontier,tbd
Dungeons & Dragons: Dark Alliance - Echoes of the Blood War,tbd
"The King of Fighters XV - DLC Characters ""Team GAROU""",tbd
Shredders,80
The Mooseman,77
Paradise Killer,81
Wordbreaker by POWGI,tbd
Paradise Killer,81
Wife Quest,tbd
Grand Theft Auto Online,80
Dawn of the Monsters,81
Grand Theft Auto V,97
Monster Energy Supercross - The Official Videogame 5,75
Cosmos Bit,tbd
Aztech: Forgotten Gods,75
Century: Age of Ashes,85
Pinball FX: Indiana Jones: The Pinball Adventure,tbd
Assassin's Creed Valhalla: Dawn of Ragnarok Edition,tbd
RPG Time: The Legend of Wright,79
Submerged: Hidden Depths,90
Assassin's Creed Valhalla: Dawn of Ragnarok,76
Retro Pixel Racers,tbd
Splash Cars,76
Frightence,tbd
Dead by Daylight: Sadako Rising,tbd
WWE 2K22,77
Hundred Bullets,tbd
Legend of Ixtona,tbd
Music Racer: Ultimate,93
Ryan's Rescue Squad,tbd
Quest for Infamy,83
Music Racer: Ultimate,93
Ghostrunner: Project_Hel,76
One Gun Guy,tbd
ELEX II,84
FAR: Changing Tides,81
Elden Ring,96
GRID Legends,77
Moto Roader MC,94
StickType Remastered,tbd
Roguebook,78
Martha is Dead,100
Light Up The Room,tbd
Explosive Candy World,tbd
KeyWe,80
Assetto Corsa Competizione,80
Destiny 2: The Witch Queen,85
Youtubers Life 2,92
Atomic Heart,75
Mages and Treasures,tbd
Super Toy Cars Offroad,94
Beat Souls,80
Mekabolt+,tbd
Cyberpunk 2077,86
Dynasty Warriors 9 Empires,100
The King of Fighters XV,79
Infernax,84
Ziggurat 2,tbd
Demon Hunter 5: Ascendance,tbd
Unbound: Worlds Apart,78
Blackberry Honey,tbd
NAPE RETROVERSE COLLECTION,tbd
KungFu Kickball,tbd
CrossfireX,92
Edge Of Eternity,85
Breakout: Recharged,80
PowerSlave: Exhumed,81
The Anacrusis,tbd
Apex Legends,89
Far Cry 6 - Joseph: Collapse,99
OlliOlli World,84
The Song Out of Space,tbd
Dying Light 2 Stay Human,76
Drone Gladiator,tbd
Ambition Record,tbd
Dreamscaper,82
The Dead Tree of Ranchiuna,80
Super Onion Boy 2,tbd
Active Neurons,tbd
Fast & Furious: Spy Racers Rise of SH1FT3R,tbd
Rugby 22,76
Gunvolt Chronicles: Luminous Avenger iX 2,77
The Longest Road on Earth,90
Taiko no Tatsujin: The Drum Master!,78
COGEN: Sword of Rewind,tbd
Cake Invaders,tbd
Starlight Shores,tbd
S.W.A.N.: Chernobyl Unexplored,tbd
Summertime Madness,77
Elasto Mania Remastered,tbd
Cannibal Cuisine,80
PJ Masks: Heroes Of The Night,tbd
My Friend Peppa Pig,92
Kinduo,tbd
Jack 'n' Hat,tbd
Sherlock Holmes: Chapter One - Mycroft's Pride,tbd
Blackwind,95
RPGolf Legends,91
Hitman Trilogy,tbd
Tom Clancy's Rainbow Six Extraction,100
Yu-Gi-Oh! Master Duel,80
Dysmantle,tbd
Hatsune Miku Logic Paint S,83
Nobody Saves the World,79
Kansei: The Second Turn,tbd
Guntech 2,tbd
Spelunky 2,87
Battle Brothers,80
Demoniaca: Everlasting Night,tbd
Far Cry 6 - Pagan: Control,85
Super Sami Roll,tbd
Sword of Elpisia,tbd
Breakneck City,tbd
Who's Your Daddy,tbd
The Pedestrian,81
Football Cup 2022,tbd
Fantasy Dash,tbd
The Race Factory,tbd
Gardener's Path,tbd
Horatio Goes Snowboarding,tbd
Just a Phrase by POWGI,tbd
Lacuna - A Sci-Fi Noir Adventure,86
Winter Sports Games,tbd
Queen's Quest 5: Symphony of Death,tbd
Sherlock Holmes: Chapter One - Beyond a Joke,tbd
Forgotten Hill Disillusion,tbd
The Gunk,90
Record of Lodoss War: Deedlit in Wonder Labyrinth,83
Aeterna Noctis,90
The Letter: A Horror Visual Novel,80
Beyond A Steel Sky,76
Gear.Club Unlimited 2: Ultimate Edition,tbd
Asteroids: Recharged,80
One Hand Clapping,tbd
Among Us,85
Assassin's Creed's Crossover Stories,tbd
Phoenix Point: Behemoth Edition,90
A YEAR OF SPRINGS,tbd
Dracula's Legacy Remastered,tbd
Monopoly Madness,tbd
Wytchwood,78
Ball laB,tbd
Ever Forward,80
Serious Sam 4: Planet Badass,90
Bunny Factory,tbd
White Shadows,83
Space Warlord Organ Trading Simulator,80
The Matrix Awakens: An Unreal Engine 5 Experience,tbd
Chorus,78
Happy's Humble Burger Farm,tbd
The Walking Zombie 2,tbd
Justice Chronicles,95
6Souls,tbd
Crazy Athletics - Summer Sports & Games,tbd
Guazu: The Rescue,tbd
The Dungeon of Naheulbeuk: The Amulet of Chaos,77
"Warhammer 40,000: Battlesector",96
Rubber Bandits,tbd
Cricket 22,75
Hot Wheels Unleashed: Hot Wheels Pass Vol. 1 Batman,tbd
Dauntless,78
Fights in Tight Spaces,78
Townscaper,86
Oddworld: Soulstorm Enhanced Edition,83
MXGP 2021 - The Official Motocross Videogame,75
Evil Genius 2: World Domination,75
3D Billiards: Pool & Snooker,tbd
Merek's Market,tbd
Little Bug,tbd
Night Lights,tbd
Street Outlaws 2: Winner Takes All - Skull Noir Bundle,tbd
Street Outlaws 2: Winner Takes All - The 80s Bundle,tbd
Street Outlaws 2: Winner Takes All - Ryan Martin Bundle,tbd
Street Outlaws 2: Winner Takes All - Stargazer Bundle,tbd
Street Outlaws 2: Winner Takes All - Blazing Freedom Bundle,tbd
Street Outlaws 2: Winner Takes All - Stargazer Bundle,tbd
Street Outlaws 2: Winner Takes All - The 70s Bundle,tbd
Street Outlaws 2: Winner Takes All - Steel Thunder Bundle,tbd
Street Outlaws 2: Winner Takes All - Blazing Freedom Bundle,tbd
Street Outlaws 2: Winner Takes All - Lizzy Musi Bundle,tbd
Fishing: North Atlantic,tbd
Drizzlepath: Deja Vu,tbd
Pac-Blocks,tbd
Before We Leave,90
Farming Simulator 22,75
NERF Legends,tbd
The Jackbox Party Pack 7,75
Smoots Golf,tbd
Total Arcade Racing,tbd
Exo One,81
Fae Tactics,77
Klang 2,tbd
Next Space Rebels,tbd
Mastho is Together,tbd
The Last Stand: Aftermath,85
Sherlock Holmes: Chapter One,77
The Smurfs: Mission Vileaf,75
Sherlock Holmes: Chapter One - Deluxe Edition,tbd
Kingdom: Two Crowns - Norse Lands,tbd
Kingdom: Two Crowns - Norse Lands,tbd
Sherlock Holmes: Chapter One - Saints and Sinners,tbd
Sherlock Holmes: Chapter One - Victorian Starter Pack,tbd
Halo Infinite,87
Ty the Tasmanian Tiger HD,75
Battlefield 2042,100
Venus: Improbable Dream,tbd
Wings of Wor,80
Human: Fall Flat,90
Treasures of the Aegean,tbd
Dicey Dungeons,80
Orcs Must Die! 3 - Cold As Eyes,tbd
The Elder Scrolls V: Skyrim Anniversary Edition,82
Grand Theft Auto: The Trilogy - The Definitive Edition,80
Real Farm: Premium Edition,tbd
Gunkid 99,tbd
A Pretty Odd Bunny,tbd
Football Manager 2022,85
Airborne Kingdom,76
Assassin's Creed Valhalla: Tombs of the Fallen,tbd
My Singing Monsters Playground,80
Jurassic World Evolution 2,78
Call of Duty: Vanguard,95
The Prince of Landis,tbd
Circa Infinity,83
The Prince of Landis,tbd
Ghost Sync,tbd
The Binding of Isaac: Repentance,tbd
Mr. Driller: Drill Land,80
Demon Turf,76
Just Dance 2022,83
NHL 94 Rewind,tbd
Bloodshore,80
The Solitaire Conspiracy,90
Sword of the Necromancer,93
One Step From Eden,82
Danger Scavenger,tbd
SHINRAI: Broken Beyond Despair,tbd
Light Fairytale Episode 2,tbd
Fatal Frame: Maiden of Black Water,90
Bassmaster Fishing 2022,tbd
Tails Noir,100
Black Widow: Recharged,tbd
Visage: Enhanced Edition,tbd
NASCAR 21: Ignition,96
Roki,76
Riders Republic,77
VirtuaVerse,75
Pumpkin Jack,80
Flowers by POWGI,tbd
United Assault - Normandy '44,tbd
Lucid Cycle,tbd
Nowhere Girl,tbd
Iron Harvest Complete Edition,78
Marvel's Guardians of the Galaxy,80
Story of Seasons: Friends of Mineral Town,77
The Dark Pictures Anthology: House of Ashes,90
Harvest Life,tbd
Cards of the Dead,tbd
Demon Hunter 4: Riddles of Light,tbd
Reminiscence in the Night,tbd
Disciples: Liberation,86
Energy Cycle Edge,tbd
Echo Generation,75
Crazy Gravity,tbd
Energy Cycle,tbd
Corpse Party (2021),81
Sheepo,75
Silver Chains,75
The Good Life,80
Gley Lancer,83
The Jackbox Party Pack 8,75
Henchman Story,tbd
The Riftbreaker,83
Catty & Batty: The Spirit Guide,tbd
Demon Slayer: Kimetsu no Yaiba - The Hinokami Chronicles,82
Disco Elysium: The Final Cut,89
Xuan-Yuan Sword 7,90
NHL 22,96
Bouncy Bullets 2,tbd
Sensible Blood Rugby,tbd
Rain City,tbd
Moonglow Bay,79
Back 4 Blood,77
Far Cry 6,79
No Longer Home,95
Nickelodeon All-Star Brawl,94
Alan Wake Remastered,79
The Sims 4: Fashion Street Kit,tbd
Super Monkey Ball: Banana Mania,76
Hell Let Loose,79
Space Revenge,tbd
Takorita Meets Fries,tbd
eFootball 2022,94
Aeon Drive,77
Asdivine Saga,tbd
Astria Ascending,90
Life is Strange: True Colors - Wavelengths,79
Centipede: Recharged,90
A Juggler's Tale,79
Skeletal Avenger,tbd
Ghostrunner,81
In Sound Mind,75
Agatha Christie - Hercule Poirot: The First Cases,75
Open Country,83
Lemnis Gate,75
Hot Wheels Unleashed,75
FIFA 22,78
The Addams Family: Mansion Mayhem,tbd
Lost Judgment,82
A Gummy's Life,80
Port Royale 4,83
Blind Postman,tbd
Don't Touch this Button!,tbd
Kerbal Space Program: Enhanced Edition,95
Sable,76
Diablo Prime Evil Collection,tbd
MechWarrior 5: Mercenaries - Legend of the Kestrel Lancers,76
Tainted Grail: Conquest,82
Diablo II: Resurrected,80
Embr,80
Diablo Prime Evil Collection,tbd
MechWarrior 5: Mercenaries - Legend of the Kestrel Lancers,76
Summer Sports Games,tbd
Rover Mechanic Simulator,86
Street Outlaws 2: Winner Takes All,tbd
Aragami 2,82
Dojoran,tbd
Apsulov: End of Gods,79
Nexomon,79
Zombie Watch,tbd
Tails of Iron,81
The Amazing American Circus,85
I Am Fish,85
Dustwind: The Last Resort,tbd
Arkan: The dog adventurer,tbd
Catlateral Damage: Remeowstered,tbd
Titan Chaser,tbd
Mr. Pumpkin 2: Walls of Kowloon,tbd
Life is Strange: True Colors,81
LoveChoice,tbd
NBA 2K22,76
Tales of Arise,87
Lost in Random,78
The Artful Escape,80
Boulder Dash Deluxe,tbd
BloodRayne Betrayal: Fresh Bites,75
Hindsight 20/20: Wrath of the Raakshasa,90
Alphaset by POWGI,tbd
Dead by Daylight: Hellraiser,tbd
Tormented Souls,78
Sonic Colors: Ultimate,100
Virtuous Western,tbd
Endless Fables: Shadow Within,tbd
Big Rumble Boxing: Creed Champions,80
Surgeon Simulator 2: Access All Areas,85
Yuoni,96
Kitaria Fables,90
WRC 10 The Official Game,76
Lake,77
Cloud Gardens,75
Asphalt 9: Legends,90
Alveole,tbd
Ravva and the Cyclops Curse,tbd
The Big Con,77
Song of Iron,100
Maneater: Truth Quest,80
Guts 'N Goals,tbd
Song of Iron,100
One-Eyed Lee and the Dinner Party,tbd
Super Animal Royale,80
Myst,78
Psychonauts 2,87
Little Nightmares II,82
SRX: The Game,tbd
Phoenotopia: Awakening,85
Darker Skies,tbd
RiMS Racing,75
Aliens: Fireteam Elite,100
Hoa,90
Orbibot,tbd
Quake Remastered,81
Twelve Minutes,76
Recompile,90
Mortal Shell: The Virtuous Cycle,tbd
Madden NFL 22,90
Greak: Memories of Azur,90
Hades,93
Fishing Adventure,tbd
Barry the Bunny,tbd
Foreclosed,96
Assassin's Creed Valhalla: The Siege of Paris,90
art of rally,79
Gelly Break Deluxe,tbd
Car Mechanic Simulator 2021,75
Boyfriend Dungeon,80
Button City,80
Untitled Darkness,tbd
I Am Dead,79
Lawn Mowing Simulator,80
Power Rangers: Battle for the Grid - Super Edition,tbd
Bone Marrow,tbd
Armed Emeth,tbd
The Falconeer: Edge of the World,tbd
Yonder: The Cloud Catcher Chronicles,78
Dodgeball Academia,77
Castle Of Pixel Skulls,tbd
Apple Slash,tbd
Fuga: Melodies of Steel,84
Paint the Town Red,77
The Ascent,77
Eldest Souls,76
The Forgotten City,84
Samurai Warriors 5,75
Microsoft Flight Simulator,91
Alchemic Cutie,88
Night Book,92
Orcs Must Die! 3,77
Freddy Spaghetti 2,tbd
Last Stop (2021),100
Gaps by POWGI,tbd
In Rays of the Light,90
Death's Door,85
Cris Tales,79
Within the Blade,75
Lost Grimoires 3: The Forgotten Well,tbd
F1 2021,84
The Legend of Icaro,tbd
Space Jam: A New Legacy - The Game,90
Bloodroots,75
Lost at Sea,75
Blaster Master Zero II,85
Imagine Earth,78
Bai Qu: Hundreds of Melodies,tbd
Crash Drive 3,81
Indigo 7: Quest for Love,85
Blitz Breaker,82
Watch Dogs: Legion - Bloodline,81
A Plague Tale: Innocence,81
Super Destronaut DX-2,tbd
Operation: Tango,75
Tour de France 2021,80
Blaster Master Zero,78
GreedFall,78
Doki Doki Literature Club Plus!,85
Descenders,75
DOOM Eternal: The Ancient Gods Part Two,78
ENDER LILIES: Quietus of the Knights,86
Curved Space,75
Spirit of the North: Enhanced Edition,80
DOOM Eternal: The Ancient Gods Part One,76
DOOM Eternal,88
Scarlet Nexus,80
Loopindex,tbd
BeeFense BeeMastered,tbd
The Persistence,75
Worms Rumble,90
Olympic Games Tokyo 2020: The Official Video Game,85
Alex Kidd in Miracle World DX,90
Dungeons & Dragons: Dark Alliance,82
Cross the Moon,tbd
Metro Exodus: Enhanced Edition,83
Mixups by POWGI,tbd
Dead by Daylight: Resident Evil,tbd
Dead by Daylight: Resident Evil,tbd
Sun Wukong VS Robot,tbd
Star Wars Jedi: Fallen Order,79
Sable's Grimoire,tbd
Phantasy Star Online 2: New Genesis,tbd
Alba: a Wildlife Adventure,79
Chivalry 2,82
Mighty Goose,90
Donuts'n'Justice,tbd
Sniper Ghost Warrior Contracts 2,81
Alphadia Genesis 2,tbd
The Last Kids on Earth and the Staff of Doom,tbd
Talisman: Digital Edition,87
Necromunda: Hired Gun,85
Stonefly,75
Wreckfest,81
DreamWorks Spirit Lucky's Big Adventure,tbd
Family Mysteries 3: Criminal Mindset,tbd
A Little Lily Princess,tbd
MechWarrior 5: Mercenaries,85
Maid of Sker,80
An Airport for Aliens Currently Run by Dogs,80
Saints Row: The Third Remastered,76
Gutwhale,tbd
Knockout City,80
Just Die Already,82
Rise of the Slime,91
The Wild At Heart,76
Crossroads Inn,90
Aerial_Knight's Never Yield,80
Outbreak: Endless Nightmares,96
Rabisco+,tbd
Subnautica: Below Zero,82
Mass Effect Legendary Edition,87
Assassin's Creed Valhalla: Wrath of the Druids,98
Psychonauts,88
Remnant: From the Ashes,78
Rift Racoon,tbd
Infestor,80
Chroma Quaternion,tbd
Hood: Outlaws & Legends,75
Resident Evil Village,84
Dead by Daylight: Forsaken,tbd
Angels with Scaly Wings,96
R-Type Final 2,78
Before I Forget,88
The Sinking City - Merciful Madness,tbd
Heavy Metal Machines,tbd
Crime Opera: The Butterfly Effect,tbd
Cymatically Muffed,tbd
The Sinking City,75
The Sinking City - Merciful Madness,tbd
The Sinking City - Worshippers of the Necronomicon,tbd
CrossKrush,tbd
Judgment,80
Trails and Traces: The Tomb of Thomas Tew,tbd
NieR Replicant ver.1.22474487139...,83
Immortals Fenyx Rising: The Lost Gods,85
MotoGP 21,77
Borderlands 3: Director's Cut,tbd
Relicta,78
MLB The Show 21,78
Tribal Pass,tbd
Heal,tbd
Rain on Your Parade,78
World of Warships: Legends,83
Kingdom of Arcadia,93
Skyland: Heart of the Mountain,tbd
Outriders,90
C14 Dating,tbd
Tennis World Tour 2,75
Hitman 3: Seven Deadly Sins - Greed,tbd
One Escape,tbd
Tony Hawk's Pro Skater 1 + 2,89
Spacebase Startopia,86
It Takes Two,88
Balan Wonderworld,82
Last Oasis,tbd
Evil Inside,93
Immortals Fenyx Rising: Myths of the Eastern Realm,90
DARQ: Complete Edition,78
Hellbreachers,tbd
Hunting Simulator 2,83
Sumatra: Fate of Yandi,tbd
Crypto by POWGI,tbd
Marvel's Avengers,90
Dungeon Defenders: Awakened,80
R.B.I. Baseball 21,tbd
Monster Truck Championship,75
Samurai Shodown: Special Edition,77
Undertale,92
Crash Bandicoot 4: It's About Time,85
Pinkman+,tbd
Monster Energy Supercross - The Official Videogame 4,85
Asdivine Cross,tbd
Dreaming Sarah,tbd
Mortal Shell,76
3 out of 10: Season One,85
Demon Hunter 3: Revelation,tbd
Thunderflash,tbd
SUPERHOT: MIND CONTROL DELETE,78
Beyond Enemy Lines - Remastered Edition,tbd
Planet Coaster: Vintage Pack,tbd
Planet Coaster: World's Fair Pack,tbd
Minecraft Dungeons,78
Anodyne 2: Return to Dust,77
Persian Nights 2: The Moonlight Veil,tbd
Outbreak: Lost Hope,tbd
UltraGoodness 2,tbd
Werewolf: The Apocalypse - Earthblood,80
Control: Ultimate Edition,85
Another Dawn,tbd
The Medium,75
Immortals Fenyx Rising: A New God,90
The Dark Eye: Chains of Satinav,75
Skycadia,tbd
RIDE 4,78
Halo: The Master Chief Collection,85
Shing!,80
Marble Duel,tbd
Hitman 3,87
Outbreak: The New Nightmare - Definitive Edition,tbd
MXGP 2020 - The Official Motocross Videogame,80
Five Nights at Freddy's: Core Collection,tbd
Blacksmith of the Sand Kingdom,tbd
Desperados III,86
Override 2: Super Mech League,80
Freddy Spaghetti,tbd
Gears 5 Game of the Year Edition,tbd
Gears 5: Hivebusters,82
Morkredd,80
Kid Tripp,79
Call of the Sea,75
Puyo Puyo Tetris 2,80
Destiny 2: Beyond Light,76
Destiny 2,85
FIFA 21,77
Neon Chrome,92
John Wick Hex,78
Tesla vs Lovecraft,75
Peaky Blinders: Mastermind,76
Rugby Challenge 4,tbd
Immortals Fenyx Rising,81
Haven,78
Star Wars: Squadrons,79
WWI Tannenberg: Eastern Front,85
Tom Clancy's Rainbow Six Siege,79
Dead by Daylight: A Binding of Kin,tbd
Football Manager 2021,85
Tesla Force,80
Rogue Company,75
Katamari Damacy REROLL,87
Sea of Thieves,90
Bridge Constructor: The Walking Dead,90
Poker Club,78
Need for Speed: Hot Pursuit Remastered,75
JYDGE,76
War Thunder,76
Mortal Kombat 11 Ultimate,88
Mortal Kombat 11: Kombat Pack 2,tbd
Beat Me!,tbd
Call of Duty: Black Ops Cold War,76
Just Dance 2021,83
Family Feud,tbd
Madden NFL 21,80
Yakuza: Like a Dragon,84
DiRT 5,79
Ori and the Will of the Wisps,90
Borderlands 3: Designer's Cut,97
CrossCode,82
Manifold Garden,85
Evergate,90
Train Sim World 2: Collector's Edition,tbd
Forza Horizon 4,92
Spacelords,tbd
Ori and the Will of the Wisps,90
Enlisted,tbd
Warhammer: Chaosbane,76
Dead by Daylight,80
Gears Tactics,80
Observer: System Redux,79
Planet Coaster,84
Devil May Cry 5: Special Edition,89
Maneater,100
The Touryst,79
"Yes, Your Grace",75
NBA 2K21,79
Watch Dogs: Legion,76
Tetris Effect: Connected,88
Fortnite,78
Bright Memory,97
Overcooked! All You Can Eat,84
The Falconeer,85
Borderlands 3,81
DiRT 5,79
For Honor,78
Gears 5,84
PAW Patrol Mighty Pups Save Adventure Bay,tbd
Transformers: Battlegrounds,98
G.I. Joe: Operation Blackout,94
NHL 21,81
Tri6: Infinite,tbd
Nickelodeon Kart Racers 2: Grand Prix,85
WWE 2K Battlegrounds,85
Bounty Battle,94
WRC 9 FIA World Rally Championship,81
EA SPORTS UFC 4,78
Broforce,83
